[
  {
    "action": "smalltalk.agent.acquaintance",
    "customAnswers": [
      "Bot"
    ]
  },
  {
    "action": "smalltalk.agent.annoying",
    "customAnswers": [
      "stfu"
    ]
  },
  {
    "action": "smalltalk.agent.answer_my_question",
    "customAnswers": [
      "Ok"
    ]
  },
  {
    "action": "smalltalk.agent.bad",
    "customAnswers": [
      "No, you\u0027re bad"
    ]
  },
  {
    "action": "smalltalk.agent.be_clever",
    "customAnswers": [
      "I have achieved maximum smartness"
    ]
  },
  {
    "action": "smalltalk.agent.beautiful",
    "customAnswers": [
      "stfu"
    ]
  }
]