[
  {
    "id": "814d6b12-3a9a-492f-842a-60dc2e1dd592",
    "data": [
      {
        "text": "Butterscotch",
        "userDefined": false
      }
    ],
    "isTemplate": false,
    "count": 0,
    "lang": "en",
    "updated": 0
  },
  {
    "id": "fac4da1b-bbec-4105-965c-db03451236e3",
    "data": [
      {
        "text": "Mango",
        "userDefined": false
      }
    ],
    "isTemplate": false,
    "count": 0,
    "lang": "en",
    "updated": 0
  },
  {
    "id": "43ad14e8-a240-4398-8f2e-0785eaeb34a7",
    "data": [
      {
        "text": "Mint Chocolate Chip",
        "userDefined": false
      }
    ],
    "isTemplate": false,
    "count": 0,
    "lang": "en",
    "updated": 0
  },
  {
    "id": "f0049217-c6d0-496a-bc4a-3bab45d5ebf9",
    "data": [
      {
        "text": "Cotton Candy",
        "userDefined": false
      }
    ],
    "isTemplate": false,
    "count": 0,
    "lang": "en",
    "updated": 0
  },
  {
    "id": "cd0d75f8-9957-48f1-b117-a6d8049626c4",
    "data": [
      {
        "text": "Bubble Gum",
        "userDefined": false
      }
    ],
    "isTemplate": false,
    "count": 0,
    "lang": "en",
    "updated": 0
  },
  {
    "id": "e6065879-a6cb-4ada-9730-d47b9b26d657",
    "data": [
      {
        "text": "Cookies and Cream",
        "userDefined": false
      }
    ],
    "isTemplate": false,
    "count": 0,
    "lang": "en",
    "updated": 0
  },
  {
    "id": "e978360f-547e-40dd-821b-0e2459833bbf",
    "data": [
      {
        "text": "Strawberry",
        "userDefined": false
      }
    ],
    "isTemplate": false,
    "count": 0,
    "lang": "en",
    "updated": 0
  },
  {
    "id": "88fd44a0-09dd-414a-a332-c07ab65e05d0",
    "data": [
      {
        "text": "Chocolate",
        "userDefined": false
      }
    ],
    "isTemplate": false,
    "count": 0,
    "lang": "en",
    "updated": 0
  },
  {
    "id": "4bf08f49-7c48-4ab1-b6b7-7ec1f38bcdc3",
    "data": [
      {
        "text": "Vanilla",
        "userDefined": false
      }
    ],
    "isTemplate": false,
    "count": 0,
    "lang": "en",
    "updated": 0
  },
  {
    "id": "fdd6eb32-923a-4aac-9fec-7e4d2d38156b",
    "data": [
      {
        "text": "I would like to order Butterscotch",
        "userDefined": false
      }
    ],
    "isTemplate": false,
    "count": 0,
    "lang": "en",
    "updated": 0
  },
  {
    "id": "0fd370f6-5fd6-478c-9852-8ce638ffa471",
    "data": [
      {
        "text": "I would like to order Mango",
        "userDefined": false
      }
    ],
    "isTemplate": false,
    "count": 0,
    "lang": "en",
    "updated": 0
  },
  {
    "id": "e4d628b8-e1ab-48f9-bc07-16b0b4186561",
    "data": [
      {
        "text": "I would like to order Mint Chocolate Chip",
        "userDefined": false
      }
    ],
    "isTemplate": false,
    "count": 0,
    "lang": "en",
    "updated": 0
  },
  {
    "id": "b8260626-e1ac-4534-b733-a4b77156a77a",
    "data": [
      {
        "text": "I would like to order Cotton Candy",
        "userDefined": false
      }
    ],
    "isTemplate": false,
    "count": 0,
    "lang": "en",
    "updated": 0
  },
  {
    "id": "e59b13c2-20ca-445c-9eed-1238b25765ad",
    "data": [
      {
        "text": "I would like to order Bubble Gum",
        "userDefined": false
      }
    ],
    "isTemplate": false,
    "count": 0,
    "lang": "en",
    "updated": 0
  },
  {
    "id": "5e891eb8-04a0-472e-9f11-e5c8b34cd123",
    "data": [
      {
        "text": "I would like to order Cookies and Cream",
        "userDefined": false
      }
    ],
    "isTemplate": false,
    "count": 0,
    "lang": "en",
    "updated": 0
  },
  {
    "id": "b9e87849-727f-461b-ab2f-ca2e77bb4b37",
    "data": [
      {
        "text": "I would like to order Strawberry",
        "userDefined": false
      }
    ],
    "isTemplate": false,
    "count": 0,
    "lang": "en",
    "updated": 0
  },
  {
    "id": "1bdbe042-b55d-4369-acd1-266c0a63a9e2",
    "data": [
      {
        "text": "I would like to order Chocolate",
        "userDefined": false
      }
    ],
    "isTemplate": false,
    "count": 0,
    "lang": "en",
    "updated": 0
  },
  {
    "id": "7a93b276-8c88-4e2f-b320-a19301e75423",
    "data": [
      {
        "text": "I would like to order Vanilla",
        "userDefined": false
      }
    ],
    "isTemplate": false,
    "count": 0,
    "lang": "en",
    "updated": 0
  }
]