[
  {
    "id": "7d820e10-e4ba-4fac-93dc-da73d8672e3a",
    "data": [
      {
        "text": "What ice cream do you have",
        "userDefined": false
      }
    ],
    "isTemplate": false,
    "count": 0,
    "lang": "en",
    "updated": 0
  },
  {
    "id": "b5514f2d-af2c-4941-be74-0693f5b01fbc",
    "data": [
      {
        "text": "What do you serve",
        "userDefined": false
      }
    ],
    "isTemplate": false,
    "count": 0,
    "lang": "en",
    "updated": 0
  },
  {
    "id": "820d857e-b80b-4316-88fc-79fc3ab2c107",
    "data": [
      {
        "text": "menu",
        "userDefined": false
      }
    ],
    "isTemplate": false,
    "count": 0,
    "lang": "en",
    "updated": 0
  },
  {
    "id": "4383dddc-249f-4cd6-b1eb-470a7d6c8f51",
    "data": [
      {
        "text": "I need menu.",
        "userDefined": false
      }
    ],
    "isTemplate": false,
    "count": 0,
    "lang": "en",
    "updated": 0
  },
  {
    "id": "7b35c423-1137-4457-adc9-81e0bd386955",
    "data": [
      {
        "text": "Menu?",
        "userDefined": false
      }
    ],
    "isTemplate": false,
    "count": 0,
    "lang": "en",
    "updated": 0
  },
  {
    "id": "5c145239-d957-40a5-a708-6c1589cc7850",
    "data": [
      {
        "text": "I Would Like the Menu Please",
        "userDefined": false
      }
    ],
    "isTemplate": false,
    "count": 0,
    "lang": "en",
    "updated": 0
  }
]